{
  "anemia": {
    "accuracy": 0.5227272727272727,
    "precision": 0.5185185185185185,
    "recall": 0.6363636363636364,
    "f1": 0.5714285714285714,
    "train_size": 174,
    "test_size": 44
  },
  "jaundice": {
    "accuracy": 0.6957494407158836,
    "precision": 0.6854460093896714,
    "recall": 0.6790697674418604,
    "f1": 0.6822429906542056,
    "train_size": 1788,
    "test_size": 447
  }
}