{
  "anemia": {
    "accuracy": 0.5909090909090909,
    "precision": 0.6111111111111112,
    "recall": 0.5,
    "f1": 0.55,
    "train_size": 174,
    "test_size": 44
  },
  "jaundice": {
    "accuracy": 0.6957494407158836,
    "precision": 0.6854460093896714,
    "recall": 0.6790697674418604,
    "f1": 0.6822429906542056,
    "train_size": 1788,
    "test_size": 447
  }
}