{
  "anemia": {
    "accuracy": 0.5227272727272727,
    "precision": 0.5217391304347826,
    "recall": 0.5454545454545454,
    "f1": 0.5333333333333333,
    "train_size": 174,
    "test_size": 44
  },
  "jaundice": {
    "accuracy": 0.6890380313199105,
    "precision": 0.6826923076923077,
    "recall": 0.6604651162790698,
    "f1": 0.6713947990543735,
    "train_size": 1788,
    "test_size": 447
  }
}